"","GENEID","TXCHROM","baseMean","log2FoldChange","lfcSE","stat","pvalue","padj"
"1","YGR192C","chrVII",137384.069621747,0.836525099374064,0.250636680600374,3.33760045564861,0.00084505168519109,0.0587749985197765
"2","YML128C","chrXIII",3900.20774551963,-0.710838753493653,0.176889618895369,-4.01854420814891,5.85588233216778e-05,0.00875533542204112
