"","GENEID","TXCHROM","baseMean","log2FoldChange","lfcSE","stat","pvalue","padj"
"1","YML128C","chrXIII",3035.13541113811,-1.87830204113005,0.443551884627607,-4.23468393716108,2.28873382544354e-05,0.00440936409750105
