"","GENEID","TXCHROM","baseMean","log2FoldChange","lfcSE","stat","pvalue","padj"
"1","YLR110C","chrXII",29836.6255346785,1.27551760252495,0.39324895449567,3.24353717395324,0.00118055404313532,0.0628282926192356
