"","GENEID","TXCHROM","baseMean","log2FoldChange","lfcSE","stat","pvalue","padj"
"1","YGR032W","chrVII",5972.26614449356,-1.28502189921531,0.29504287212087,-4.35537347497376,1.32840230177756e-05,0.00570906435387016
