"","GENEID","TXCHROM","baseMean","log2FoldChange","lfcSE","stat","pvalue","padj"
"1","YGR060W","chrVII",1276.02326123878,-1.02140357257584,0.311942355419572,-3.27433435963521,0.00105911211054317,0.076168097164015
"2","YIL095W","chrIX",247.856478367983,1.1891711263258,0.25160009244853,4.72643358256743,2.28497482300925e-06,0.00459987301767278
"3","YIL140W","chrIX",201.705788788201,0.8315718944284,0.249622509216107,3.33131774470097,0.000864358794570666,0.068271996788303
