"","GENEID","TXCHROM","baseMean","log2FoldChange","lfcSE","stat","pvalue","padj"
"1","YDR309C","chrIV",156.987911625193,0.808890338496101,0.240858627831399,3.35836148274632,0.000784060063394234,0.0336234129511388
"2","YIL039W","chrIX",631.350335568181,0.856942813623718,0.211287224571845,4.05581934904127,4.99588621535193e-05,0.00624448454234291
"3","YIL095W","chrIX",194.526201673012,0.869471477898082,0.231523766917015,3.75543076840886,0.000173043591535052,0.0138751040815784
"4","YIL140W","chrIX",240.821290654953,1.40417996478394,0.233971271602257,6.00150589073601,1.9549584870584e-09,2.70370758760177e-06
"5","YLR110C","chrXII",26070.8549795724,1.0304502737706,0.358648268885,2.87315000006597,0.00406401107790348,0.0932867605102159
"6","YLR372W","chrXII",283.206758050757,0.795802831619633,0.244957899983082,3.24873307484508,0.00115920198667009,0.0439226396593077
"7","YML008C","chrXIII",656.981238033059,0.715537061181535,0.212437154829232,3.36822935590867,0.000756526325923576,0.0329535719292065
"8","YMR122W-A","chrXIII",3117.54042157425,0.798385131171884,0.261174079143963,3.05690799710564,0.00223632904967799,0.0661570711380676
