"","GENEID","TXCHROM","baseMean","log2FoldChange","lfcSE","stat","pvalue","padj"
"1","YDR309C","chrIV",176.91283633989,0.942840079584894,0.250172487443028,3.76876006319284,0.000164060495738382,0.0194295420618025
"2","YLR372W","chrXII",303.434992137764,0.813051897649631,0.225628514674332,3.60349798350255,0.000313963184253996,0.0315789879144201
