"","GENEID","TXCHROM","baseMean","log2FoldChange","lfcSE","stat","pvalue","padj"
"1","YDR309C","chrIV",1069.57903432708,0.907437033233662,0.288222599367366,3.14838959618517,0.0016417272561094,0.0703487534448419
"2","YEL060C","chrV",15768.3946948546,1.15781184439873,0.297056762635027,3.8976114670086,9.71461112324437e-05,0.0207896147468997
"3","YER026C","chrV",2623.53849440765,1.23694637844996,0.248722231592362,4.97320392524151,6.58553214804544e-07,0.000769848708106512
"4","YER125W","chrV",2356.67678517584,0.970739204507154,0.288737273973277,3.36201554842205,0.000773757665711458,0.0502512617342608
"5","YIL140W","chrIX",991.031401203952,0.898351947321373,0.294931545705583,3.04596765046679,0.00231932787549218,0.0888948946377167
