"","GENEID","TXCHROM","baseMean","log2FoldChange","lfcSE","stat","pvalue","padj"
"1","YDL137W","chrIV",9699.16796730163,-1.0153366941947,0.360435628135247,-2.81697095108952,0.00484789101580329,0.0975012769414287
"2","YGL167C","chrVII",2883.97636943542,1.13685220942374,0.396931378330278,2.8641026421393,0.004181924762426,0.0938156090300998
