"","GENEID","TXCHROM","baseMean","log2FoldChange","lfcSE","stat","pvalue","padj"
"1","YBL030C","chrII",11668.4944861558,2.19153207857294,0.640342771251758,3.42243588428254,0.0006206273295257,0.0290325723941749
"2","YBR286W","chrII",5573.95325439965,-0.813650846099441,0.255951759760026,-3.17892264879249,0.00147823533420471,0.0393368274597327
"3","YEL017C-A","chrV",3127.67900541298,0.771603547378489,0.289041129407132,2.66952855104451,0.00759578150294799,0.098897474023245
"4","YHR023W","chrVIII",306.185255588806,-0.769788428983113,0.254866486940794,-3.02035955461628,0.00252474769658468,0.0547348048402059
"5","YLR293C","chrXII",2685.10434813438,-1.46336452411689,0.522918215072566,-2.79845773571651,0.0051347288807171,0.080637019879648
"6","YMR145C","chrXIII",9858.06903665934,1.1432270465839,0.363883956255789,3.14173523435114,0.00167949834960296,0.0434414688853321
"7","YOR133W","chrXV",928.615992164723,-1.16790131239213,0.386391722010503,-3.02258367833353,0.00250626780424518,0.0547348048402059
"8","YPL078C","chrXVI",10565.0460744877,1.85987692764473,0.565452743047302,3.28918189983763,0.00100479063417625,0.0340758330573278
