"","GENEID","TXCHROM","baseMean","log2FoldChange","lfcSE","stat","pvalue","padj"
"1","YAL029C","chrI",667.921402888922,0.805564906688493,0.294307026196166,2.73715825646499,0.00619724721352812,0.0811688232601122
"2","YBL030C","chrII",12743.5778407882,1.55435988388816,0.349097159072973,4.45251370138833,8.48708227364045e-06,0.000451243879301478
"3","YGR082W","chrVII",683.952293493731,1.17296259853005,0.287804325452408,4.07555583706477,4.59045653104388e-05,0.00173596842054265
"4","YML128C","chrXIII",13268.8090638561,-1.35406455342988,0.294204848010845,-4.60245493092609,4.17539934898191e-06,0.000253479539010681
"5","YMR203W","chrXIII",1628.09986726503,1.17752012658407,0.284095451082997,4.14480457921891,3.4010362774023e-05,0.00137320036162785
"6","YPR149W","chrXVI",26215.0824799476,-1.24080849640838,0.259760941046073,-4.7767323732797,1.78166641535873e-06,0.000122660880134313
