"","GENEID","TXCHROM","baseMean","log2FoldChange","lfcSE","stat","pvalue","padj"
"1","YEL060C","chrV",2230.19164969646,-0.962436939202842,0.345098739769017,-2.78887410555896,0.00528916210221301,0.0991852364387878
"2","YFR028C","chrVI",151.622702536449,0.79527443245007,0.222716308096298,3.57079568733786,0.000355898433641086,0.0246976958265534
"3","YGR060W","chrVII",1398.77093697004,-0.772941958757398,0.257018948696361,-3.0073345279711,0.00263549562497073,0.0707745718317382
"4","YJL164C","chrX",784.83503785286,-0.972893738405743,0.236009482970646,-4.12226545374343,3.75164519962139e-05,0.00560921655251501
"5","YLR372W","chrXII",320.000043453059,0.786630714072045,0.24421135267153,3.22110624861114,0.00127696797985305,0.049325342741589
"6","YML128C","chrXIII",3888.36997329813,-0.767878011063101,0.238824810670294,-3.21523550634438,0.00130337543973277,0.049325342741589
"7","YPR040W","chrXVI",353.743350081343,-0.941586903096276,0.273710605231474,-3.44008191534992,0.000581538146900426,0.0315398924377761
