"","GENEID","TXCHROM","baseMean","log2FoldChange","lfcSE","stat","pvalue","padj"
"1","YDR303C","chrIV",129.341073163557,0.84962475544596,0.268481273267213,3.16455872361849,0.00155318315789069,0.0370219950997221
"2","YFL021W","chrVI",483.17978986041,0.938868267755632,0.330686360593429,2.83915026332141,0.0045233850478787,0.0725052733761427
"3","YHR023W","chrVIII",138.149782469235,1.1644127464625,0.268063407757942,4.34379595559701,1.40041596162629e-05,0.00101155464242201
"4","YKL166C","chrXI",173.79324225565,-0.943097776426047,0.340473392438675,-2.76996028873509,0.00560631274992521,0.0854074642068496
"5","YLR110C","chrXII",33142.8873576927,1.44042327932867,0.297881419986409,4.83555932892489,1.32771765482505e-06,0.000193486818994131
"6","YML008C","chrXIII",719.429567789119,0.831057712043309,0.243741483069773,3.40958667181578,0.00065061401055306,0.0204425879452183
"7","YMR043W","chrXIII",1238.28012981597,-0.679660413480688,0.194621646809674,-3.49221386532274,0.000479034530457228,0.016152810691637
"8","YMR122W-A","chrXIII",3509.29763362797,0.973671674420237,0.263473120397435,3.69552564964315,0.000219432324855816,0.00912376508611023
"9","YMR145C","chrXIII",8341.40350776558,-0.627115297581007,0.227740507101218,-2.75363968212422,0.00589366143770513,0.088086345271647
