"","GENEID","TXCHROM","baseMean","log2FoldChange","lfcSE","stat","pvalue","padj"
"1","YGL147C","chrVII",2659.98577445836,3.17107836538101,0.837581361418791,3.78599442567522,0.000153095106098359,0.0323030673867537
"2","YLR029C","chrXII",6470.9914741942,2.14530982727751,0.709404491020096,3.02409958554482,0.00249374337003438,0.0548891589642221
"3","YML128C","chrXIII",4866.71272288827,-1.20717240009034,0.368497834210706,-3.27592807343362,0.0010531537835974,0.0444430896678104
"4","YOR369C","chrXV",6295.25339710223,2.10251308716862,0.736762114001172,2.85372041696117,0.00432105407446398,0.0743528738308645
"5","YPR080W","chrXVI",13273.884392139,1.15563491020208,0.37798059224636,3.05739218866789,0.0022327194170508,0.053082117971574
