"","GENEID","TXCHROM","baseMean","log2FoldChange","lfcSE","stat","pvalue","padj"
"1","YDL123W","chrIV",492.951083930001,-0.975908840706258,0.209691330660317,-4.65402569401951,3.25516213309049e-06,0.000405193704612196
"2","YHL020C","chrVIII",938.432883133355,0.597658401211344,0.160419303485526,3.72560152192199,0.000194850009516163,0.0104158682425448
"3","YHR084W","chrVIII",266.231741549973,1.01891031846559,0.215153807785625,4.73572988994374,2.18268130897554e-06,0.000298863638231476
"4","YJL159W","chrX",21281.0622434857,-0.75270902343995,0.272582710681837,-2.76139679423221,0.00575547038321744,0.0998493331829988
"5","YPL203W","chrXVI",1658.9928021253,-0.623086103874951,0.218458619046852,-2.85219281616589,0.00434187549498415,0.0837339862184091
