"","Sample","Chromosome","percentNotDE"
"1","4","chrV",64.5283018867924
"2","7","chrI",74.0740740740741
"3","8","chrXVI",31.390134529148
"4","11","chrI",93.8271604938272
"5","11","chrXV",97.029702970297
"6","18","chrI",59.2592592592593
"7","18","chrXII",56.989247311828
"8","59","chrVII",68.5884691848907
"9","61","chrVII",66.9980119284294
"10","76","chrIX",70.8542713567839
"11","76","chrXIV",75.5263157894737
"12","77","chrXII",48.6021505376344
