"","GENEID","TXCHROM","baseMean","log2FoldChange","lfcSE","stat","pvalue","padj"
"1","YBL002W","chrII",428.131836016667,-1.59123102182915,0.462692766831666,-3.43906612745486,0.000583724629711141,0.078283958673483
"2","YLR008C","chrXII",314.925976666773,1.01094095669909,0.279047389326009,3.62282893647866,0.00029139854351105,0.0468957389357117
"3","YDR343C","chrIV",7074.61226933312,3.26360088770861,0.975739209468913,3.34474709639368,0.000823576311376365,0.0927885516328434
