"","GENEID","TXCHROM","baseMean","log2FoldChange","lfcSE","stat","pvalue","padj"
"1","YNL112W","chrXIV",984.095959787441,-1.67290348841537,0.532231466701413,-3.14318786670667,0.0016711854395326,0.0992142518535091
"2","YLL062C","chrXII",1817.310070732,3.3120850760029,0.621520214643581,5.3290061979758,9.87516271534977e-08,6.1302815656288e-05
"3","YDR343C","chrIV",7907.71452034177,3.61144543309334,0.994978115168626,3.62967323405026,0.000283780230099408,0.0279249167658633
"4","YGR256W","chrVII",711.278229850617,-2.67815321584854,0.508749960990476,-5.26418362889797,1.40813654026377e-07,7.86725885045371e-05
