"","GENEID","TXCHROM","baseMean","log2FoldChange","lfcSE","stat","pvalue","padj"
"1","YOR078W","chrXV",269.174629264373,0.598807647531149,0.193335161399145,3.09725164940327,0.00195323984424265,0.07887096947701
"2","YML113W","chrXIII",123.336652779741,-1.17188087337439,0.283060230846798,-4.14004068981578,3.47244222657473e-05,0.00941590705963004
"3","YDL182W","chrIV",1369.09732317487,-0.978863203098911,0.211253898693877,-4.63358645284629,3.5938457395986e-06,0.00165676288595495
"4","YNL289W","chrXIV",155.715197398706,2.79872605698089,0.47704757186367,5.86676512375313,4.44379462785987e-09,6.1457679703302e-06
"5","YPL081W","chrXVI",199.905106887248,1.30674677344138,0.366080999873709,3.56955639296271,0.000357586237791043,0.0313994772612706
"6","YGR138C","chrVII",1122.75311384805,-1.93299785286377,0.471583210432937,-4.09895392817141,4.15021630456432e-05,0.0104359075440226
"7","YJR009C","chrX",10217.4215494446,1.00341339794077,0.330810825639839,3.0331939591155,0.00241980015841726,0.0869242498465215
"8","YOL126C","chrXV",4727.61647952613,1.91487709866654,0.295507241049275,6.47996675772573,9.17428289000777e-11,1.69173776491743e-07
"9","YMR303C","chrXIII",2095.96097204681,0.739112249683006,0.206044782458598,3.58714373090966,0.000334320060595812,0.0303189930363284
