"","Sample","Chromosome","percentNotDE"
"1","4","chrV",50.8417508417508
"2","7","chrI",77.1428571428572
"3","8","chrXVI",22.9166666666667
"4","11","chrI",40
"5","11","chrXV",46.6549295774648
"6","18","chrI",55.2380952380952
"7","18","chrXII",53.3718689788054
"8","49","chrV",71.3804713804714
"9","59","chrVII",47.0483005366726
"10","61","chrVII",44.5438282647585
"11","76","chrIX",57.5221238938053
"12","76","chrXIV",55.3398058252427
"13","77","chrXII",57.8034682080925
