"","Sample","Chromosome","percentNotDE"
"1","4","chrV",43.0976430976431
"2","7","chrI",22.8571428571429
"3","8","chrXVI",77.0833333333333
"4","11","chrI",60
"5","11","chrXV",53.3450704225352
"6","18","chrI",33.3333333333333
"7","18","chrXII",41.233140655106
"8","49","chrV",27.2727272727273
"9","59","chrVII",51.3416815742397
"10","61","chrVII",47.7638640429338
"11","76","chrIX",32.3008849557522
"12","76","chrXIV",38.5922330097087
"13","77","chrXII",39.3063583815029
