"","GENEID","TXCHROM.x","baseMean.x","log2FoldChange.x","lfcSE.x","stat.x","pvalue.x","padj.x","TXCHROM.y","baseMean.y","log2FoldChange.y","lfcSE.y","stat.y","pvalue.y","padj.y"
"1","YAL054C","chrI",30838.4138379519,-2.01118013876005,0.351045494146189,-4.0626647045529,4.85156928161329e-05,0.00392977111810677,"chrI",30838.4138379519,-2.01118013876005,0.351045494146189,-5.72911537762829,1.00955714448483e-08,4.99150067808563e-07
