"","GENEID","TXCHROM.x","baseMean.x","log2FoldChange.x","lfcSE.x","stat.x","pvalue.x","padj.x","TXCHROM.y","baseMean.y","log2FoldChange.y","lfcSE.y","stat.y","pvalue.y","padj.y"
"1","YAL044C","chrI",2458.3595561186,-2.67985487484931,0.513681591081484,-3.27022596101334,0.000537308034322747,0.0435219507801425,"chrI",2458.3595561186,-2.67985487484931,0.513681591081484,-5.21695719951197,1.81886266769354e-07,0.000338732857480126
"2","YAR027W","chrI",242.112267091359,-8.2233449314456,2.41987848069158,-2.98500316816787,0.0014178769336925,0.0574240158145464,"chrI",242.112267091359,-8.2233449314456,2.41987848069158,-3.39824705953642,0.000678191442061562,0.0763680472546379
