"","GENEID","TXCHROM.x","baseMean.x","log2FoldChange.x","lfcSE.x","stat.x","pvalue.x","padj.x","TXCHROM.y","baseMean.y","log2FoldChange.y","lfcSE.y","stat.y","pvalue.y","padj.y"
"1","YNL036W","chrXIV",13372.2969721402,1.34278756663691,0.205298543676147,3.69114925545845,0.00022324308386642,0.0579838933769303,"chrXIV",13372.2969721402,1.34278756663691,0.205298543676147,6.5406580221783,6.12487415027505e-11,4.88852455394096e-08
"2","YNL289W","chrXIV",2164.70483039782,1.86800965410894,0.355319272442213,3.610864238493,0.00030517838619437,0.0579838933769303,"chrXIV",2164.70483039782,1.86800965410894,0.355319272442213,5.25727085184421,1.46208900132834e-07,3.88985297639115e-05
