"","GENEID","TXCHROM.x","baseMean.x","log2FoldChange.x","lfcSE.x","stat.x","pvalue.x","padj.x","TXCHROM.y","baseMean.y","log2FoldChange.y","lfcSE.y","stat.y","pvalue.y","padj.y"
"1","YEL065W","chrV",423.417464669231,1.93148884315817,0.319785593079821,4.21059882714,2.54694675705878e-05,0.00674940890620576,"chrV",423.417464669231,1.93148884315817,0.319785593079821,6.03994953167277,1.54162438697572e-09,1.43550924167223e-06
