"","GENEID","TXCHROM.x","baseMean.x","log2FoldChange.x","lfcSE.x","stat.x","pvalue.x","padj.x","TXCHROM.y","baseMean.y","log2FoldChange.y","lfcSE.y","stat.y","pvalue.y","padj.y"
"1","YAL025C","chrI",1155.0122339099,1.28008291323322,0.19631400182622,3.54066906469828,0.000399113840437076,0.0323282210754032,"chrI",1155.0122339099,1.28008291323322,0.19631400182622,6.5205889611805,7.00318563029004e-11,3.83564476970986e-08
