"","GENEID","TXCHROM.x","baseMean.x","log2FoldChange.x","lfcSE.x","stat.x","pvalue.x","padj.x","TXCHROM.y","baseMean.y","log2FoldChange.y","lfcSE.y","stat.y","pvalue.y","padj.y"
"1","YJL037W","chrX",340.453684245915,1.64772814990436,0.308641417034296,3.44324543386305,0.000574777430331322,0.0482813041478311,"chrX",340.453684245915,1.64772814990436,0.308641417034296,5.3386488622856,9.36418032678408e-08,3.02256322294075e-05
"2","YJL116C","chrX",4281.61036878554,1.68179695480754,0.202693861361052,5.41110099458735,6.26384307839883e-08,2.10465127434201e-05,"chrX",4281.61036878554,1.68179695480754,0.202693861361052,8.297226879564,1.06569737722204e-16,2.97702562326977e-13
"3","YJL158C","chrX",4469.15678896318,1.48494591867931,0.239313441150854,3.76053227245193,0.000169552197795489,0.0189898461530948,"chrX",4469.15678896318,1.48494591867931,0.239313441150854,6.20502513999311,5.46881596467959e-10,3.05542747946649e-07
"4","YJR078W","chrX",243.114336982955,1.85190305034613,0.264489584175738,4.78999221952101,1.66787780238438e-06,0.000280203470800575,"chrX",243.114336982955,1.85190305034613,0.264489584175738,7.00179954578343,2.52695461432854e-12,3.52952385756339e-09
