"","GENEID","TXCHROM.x","baseMean.x","log2FoldChange.x","lfcSE.x","stat.x","pvalue.x","padj.x","TXCHROM.y","baseMean.y","log2FoldChange.y","lfcSE.y","stat.y","pvalue.y","padj.y"
"1","YHR052W","chrVIII",1095.72183697224,1.35838781497778,0.203509897195545,3.80024669873753,0.00014455210947285,0.00961271527994453,"chrVIII",1095.72183697224,1.35838781497778,0.203509897195545,6.67479976992254,2.47569941095533e-11,1.50660063042248e-08
"2","YHR085W","chrVIII",485.598537979626,1.33187295813595,0.188154743572453,3.96946122088255,7.20353287497676e-05,0.00638713248247939,"chrVIII",485.598537979626,1.33187295813595,0.188154743572453,7.07860420018104,1.45613616207134e-12,1.50954444726584e-09
"3","YHR148W","chrVIII",403.272682913439,1.43596627809122,0.174126458810563,4.88705900242887,1.02353427006293e-06,0.000272260115836739,"chrVIII",403.272682913439,1.43596627809122,0.174126458810563,8.24668627559612,1.6284720649613e-16,4.45957074989651e-13
"4","YHR196W","chrVIII",1105.18953835837,1.35391716153132,0.191747190746165,4.01005698461162,6.0704095793329e-05,0.00638713248247939,"chrVIII",1105.18953835837,1.35391716153132,0.191747190746165,7.06094913965978,1.65369119656656e-12,1.50954444726584e-09
