"","GENEID","TXCHROM.x","baseMean.x","log2FoldChange.x","lfcSE.x","stat.x","pvalue.x","padj.x","TXCHROM.y","baseMean.y","log2FoldChange.y","lfcSE.y","stat.y","pvalue.y","padj.y"
"1","YIL053W","chrIX",4152.79473477061,-2.86839762014918,0.437158901172667,-4.27395534012291,9.60177581528075e-06,0.00191075338724087,"chrIX",4152.79473477061,-2.86839762014918,0.437158901172667,-6.56145308366085,5.328594141568e-11,7.44271386723511e-08
