"","GENEID","TXCHROM.x","baseMean.x","log2FoldChange.x","lfcSE.x","stat.x","pvalue.x","padj.x","TXCHROM.y","baseMean.y","log2FoldChange.y","lfcSE.y","stat.y","pvalue.y","padj.y"
"1","YIL140W","chrIX",240.821290654953,1.40417996478394,0.233971271602257,3.50119892572331,0.000463169979422631,0.0393830514771603,"chrIX",240.821290654953,1.40417996478394,0.233971271602257,6.00150589073601,1.9549584870584e-09,2.70370758760177e-06
"2","YIR030C","chrIX",89.1597490375235,1.48945254369775,0.263345613942762,3.4344697455046,0.000593714343876789,0.0393830514771603,"chrIX",89.1597490375235,1.48945254369775,0.263345613942762,5.65588513663828,1.5504513560757e-08,1.4295161503018e-05
"3","YIR042C","chrIX",161.715570208033,1.9702822968748,0.290702197280126,4.76529695969212,1.8857570806348e-06,0.000375265659046326,"chrIX",161.715570208033,1.9702822968748,0.290702197280126,6.77766564996481,1.22133084953149e-11,2.25213408653606e-08
