"","GENEID","TXCHROM.x","baseMean.x","log2FoldChange.x","lfcSE.x","stat.x","pvalue.x","padj.x","TXCHROM.y","baseMean.y","log2FoldChange.y","lfcSE.y","stat.y","pvalue.y","padj.y"
"1","YNL014W","chrXIV",1433.95023201605,-1.54062118819491,0.205612274035125,-4.64768551721605,3.35680155614361e-06,0.00127558459133457,"chrXIV",1433.95023201605,-1.54062118819491,0.205612274035125,-7.49284640435289,6.73957553597302e-14,2.63709962757573e-11
