"","GENEID","TXCHROM.x","baseMean.x","log2FoldChange.x","lfcSE.x","stat.x","pvalue.x","padj.x","TXCHROM.y","baseMean.y","log2FoldChange.y","lfcSE.y","stat.y","pvalue.y","padj.y"
"1","YIL066C","chrIX",891.940121909949,1.68923847519177,0.253086231432161,4.36309185585924,1.28237067514998e-05,0.000850639214516151,"chrIX",891.940121909949,1.68923847519177,0.253086231432161,6.67455699044839,2.47980101150842e-11,2.77092965025951e-08
"2","YIL117C","chrIX",224.023031779552,2.13581466325165,0.34226432072917,4.53104390182346,5.86929387065269e-06,0.000583994740129943,"chrIX",224.023031779552,2.13581466325165,0.34226432072917,6.24024922814465,4.36874255747689e-10,2.71201829651371e-07
"3","YIR019C","chrIX",3158.20722792698,2.80319901948529,0.228506756738563,9.70736730565545,2.8048817984019e-22,5.58171477881978e-20,"chrIX",3158.20722792698,2.80319901948529,0.228506756738563,12.2674666582943,1.35424477300193e-34,7.56616554676176e-31
