"","GENEID","TXCHROM","baseMean","log2FoldChange","lfcSE","stat","pvalue","padj"
"1","YMR309C","chrXIII",1352.34109748544,0.803840331849905,0.286522521722372,2.80550487625818,0.00502378212355608,0.0975012769414287
"2","YGR008C","chrVII",5643.75782104799,-1.35446996987108,0.464709206601557,-2.91466136377283,0.00356074677339983,0.0921638798730043
"3","YML054C","chrXIII",24574.124881578,-1.13753035682615,0.269013392618613,-4.22852686163049,2.35226435699788e-05,0.00651812453324114
"4","YMR303C","chrXIII",47870.1902249882,-3.28241336693558,0.888899063046542,-3.69267277173822,0.000221909483020417,0.0190473350406905
