"","GENEID","TXCHROM","baseMean","log2FoldChange","lfcSE","stat","pvalue","padj"
"1","YPR110C","chrXVI",1506.42392484172,1.32603487531641,0.462372623694934,2.86789227424353,0.00413216202437062,0.07265718226185
"2","YGR256W","chrVII",1561.27134709954,-1.58553703621191,0.400428508772187,-3.95960078135684,7.50751577484593e-05,0.0181038380399142
