"","GENEID","TXCHROM","baseMean","log2FoldChange","lfcSE","stat","pvalue","padj"
"1","YAL025C","chrI",499.609729134696,-1.85549097746706,0.464877018354815,-3.99135879857772,6.56957991615726e-05,0.0182642661460421
"2","YLL034C","chrXII",144.236657264407,-1.82177665642317,0.554471891317612,-3.28560687196246,0.00101762929759865,0.0963643200963336
"3","YAL025C","chrI",499.609729134696,-1.85549097746706,0.464877018354815,-3.99135879857772,6.56957991615726e-05,0.0182642661460421
