"","GENEID","TXCHROM","baseMean","log2FoldChange","lfcSE","stat","pvalue","padj"
"1","YIL073C","chrIX",294.100275992575,0.899889848400678,0.221725925812845,4.05856845608691,4.93744601894559e-05,0.0197232411598179
"2","YIL104C","chrIX",146.667604684164,1.24065611419145,0.381169809301124,3.25486458769177,0.00113446442960098,0.0781509643693038
"3","YOL128C","chrXV",231.99404522907,0.875429653597438,0.276524706480532,3.16582798238707,0.00154642214216498,0.0909865374779093
