"","GENEID","TXCHROM","baseMean","log2FoldChange","lfcSE","stat","pvalue","padj"
"1","YNL289W","chrXIV",146.932229114728,2.62784895148044,0.794613663395149,3.30707747995727,0.000942748126216487,0.0704767923544541
"2","YPL198W","chrXVI",142.424489540523,0.796065160509922,0.23570100564779,3.37743641917036,0.000731648654616593,0.0604495059585702
"3","YGR138C","chrVII",1441.46273332008,-0.857876813779843,0.254008080527919,-3.37736032647807,0.00073185110731616,0.0604495059585702
"4","YOL007C","chrXV",134.144046787416,1.36708212467481,0.304120613330929,4.49519718410939,6.95055073799555e-06,0.00183097365155197
"5","YJR009C","chrX",11315.9081502417,1.12921968207538,0.299618732542072,3.76885541332705,0.000163997845731762,0.0194295420618025
"6","YOL126C","chrXV",5290.84541391554,2.0405177347211,0.277261798335201,7.35953437138924,1.8455283498503e-13,5.10473141568593e-10
"7","YMR303C","chrXIII",2523.73850130867,1.05495414379329,0.219761632918911,4.80044732914119,1.58311609711909e-06,0.00058385321661752
