"","GENEID","TXCHROM","baseMean","log2FoldChange","lfcSE","stat","pvalue","padj"
"1","YOR338W","chrXV",1778.38680400302,1.16249914850744,0.360180392948595,3.22754700496246,0.0012485652560695,0.0553018364957554
"2","YGR256W","chrVII",1746.73854576039,-1.49225794092144,0.460840843301042,-3.23811997702346,0.00120320198833722,0.054984421022585
"3","YKL035W","chrXI",3672.54953203879,-1.47247533200293,0.467038406469322,-3.15279281448057,0.00161716540748636,0.067475640697873
"4","YMR105C","chrXIII",3594.90964193214,-1.52583747645634,0.336405603341364,-4.53570767341829,5.74106542761967e-06,0.00103303296038231
