"","GENEID","TXCHROM","baseMean","log2FoldChange","lfcSE","stat","pvalue","padj"
"1","YHR170W","chrVIII",654.430301768065,-0.945589414602385,0.29217161502794,-3.23641779682109,0.00121040082939643,0.0628870475361969
"2","YNL289W","chrXIV",1547.32254602277,1.48702729615585,0.356150392545361,4.17527911601684,2.97620913522947e-05,0.0161970030530265
"3","YPL163C","chrXVI",2416.38228068908,1.08688205930044,0.333230742457207,3.26165002450222,0.00110765802844948,0.0602256853608112
"4","YEL011W","chrV",9482.76716918446,1.22291603712691,0.261157357500121,4.68267886010581,2.83149933814077e-06,0.00220668181752438
