"","GENEID","TXCHROM","baseMean","log2FoldChange","lfcSE","stat","pvalue","padj"
"1","YBL054W","chrII",456.031607888616,0.859580031946266,0.230930214895334,3.722250171273,0.000197455241008928,0.0496832268987527
"2","YOR338W","chrXV",1826.70225984423,1.09166143048597,0.258054422018029,4.23035351205761,2.33324345964992e-05,0.00783094836145003
