"chr","tracking_id","ratio"
"7","YGR139W",2.08399759448634
"7","YGL229C",2.15358586403601
"7","YGR294W",2.30163728033987
"7","YGL069C",2.31020766996164
"7","YGR292W",2.31978022077542
"7","YGR021W",2.32677992863881
"7","YGL041C-B",2.32835951056873
"7","YGR035C",2.3525138563065
"7","YGR204C-A",2.52153787313272
"7","YGR069W",2.75124750516505
"7","YGR287C",2.80251911290495
"7","YGR146C-A",2.88803065550512
"7","YGR055W",3.0718308147414
"7","YGR109W-A",5.69061835571587
