"chr","tracking_id","ratio"
"5","YER138W-A",2.09099691909779
"5","YER097W",2.10455764944591
"5","SRG1",2.13991183197725
"5","YER067C-A",2.24574013585139
"5","YER067W",2.25556649730738
"5","YER130C",2.37326205222488
"5","YEL072W",2.53945361395387
"5","YER081W",3.21362187619856
"5","YER053C",3.67301125793142
"5","YER078W-A",4.01068312145096
"5","YEL039C",4.48777326815284
"5","YEL070W",4.83609565969679
