"chr","tracking_id","ratio"
"2","YBR141W-A",0.0074952292865591
"2","YBR131C-A",0.0124774677727803
