"chr","tracking_id","ratio"
"11","YKL053C-A",2.03186906239234
"11","YKL194C",2.32303823937099
"11","YKR098C",2.46119569550924
"11","YKL087C",2.52816455622283
"11","YKL102C",2.93970052643709
"11","YKL001C",4.12050789370453
"11","YKL068W-A",4.70278020443844
"11","YKL106C-A",12.8603333333333
