"chr","tracking_id","ratio"
"9","YIL162W",2.21321381978238
"9","YIL111W",4.06502732742387
