"chr","tracking_id","ratio"
"4","YDL218W",2.04638115916689
"4","YDR316W",2.05832362128526
"4","YDR337W",2.06167736316169
"4","YDR277C",2.12187929068595
"4","YDR034C-A",2.21239307638705
"4","YDR524C-A",2.52151792765074
"4","YDL129W",2.6819393868691
"4","YDL059C",3.31696805065674
"4","YDR502C",3.48348240287743
"4","YDR253C",4.72248731813836
