"chr","tracking_id","ratio"
"6","YFL052W",2.04668599405089
"6","YFR007W",2.13556604252296
"6","YFR053C",2.35709438657515
"6","YFR052C-A",2.5295314557259
"6","YFL053W",2.66241517579242
"6","RUF23",4.68647270645605
