"chr","tracking_id","ratio"
"2","YBR298C",2.04876546477328
"2","YBR144C",2.14969086432129
"2","YBR299W",2.16209398406633
"2","YBR183W",2.28487836288238
"2","YBR114W",2.50685076716759
"2","YBR103C-A",3.04171420310353
"2","YBR105C",4.20812772251479
