"chr","tracking_id","ratio"
"8","YHR071W",2.07423794001173
"8","YHL015W-A",2.18074021856327
"8","YHL036W",2.45555318351909
"8","YHR179W",2.56616725713031
"8","YHR139C",3.03377323436928
"8","YHR049C-A",3.20013031937691
"8","YHL008C",3.82617443740148
"8","YHR183W",5.22348861453145
"8","YHL048C-A",26.4056666666667
