"chr","tracking_id","ratio"
"3","YCR020C",2.06065788780207
"3","YCR003W",2.08178154896427
"3","YCR018C",2.28766987693954
"3","YCR108C",4.50711975437404
"3","YCR102C",4.88432862048452
"3","YCR104W",5.53617014899889
"3","YCR102W-A",11.4966304721094
