"chr","tracking_id","ratio"
"14","YNL336W",2.02076841988577
"14","YNR037C",2.1010104800589
"14","YNL234W",2.14183264439181
"14","YNL185C",2.25322240110005
"14","YNL184C",2.26989717463339
"14","YNL073W",2.30792390886518
"14","YNL143C",2.46661859609907
"14","YNL277W",2.48586497312015
"14","YNL276C",2.60163748931798
"14","YNL134C",2.61994573672958
"14","YNR014W",3.80890353773809
"14","YNR071C",4.47559194592054
"14","YNL146C-A",4.5559288117377
"14","YNR073C",5.15200648602448
