"chr","tracking_id","ratio"
"1","YAL063C-A",2.02757949403207
"1","YAL064C-A",2.12354915675283
"1","YAL067W-A",4.00585377774158
