"chr","tracking_id","ratio"
"10","YJR101W",2.11000259090568
"10","YJL133C-A",2.11383095789644
"10","YJR127C",2.14004862703684
"10","YJR157W",2.15980457891959
"10","YJR005C-A",2.33915863831893
"10","YJL047C-A",2.34261439115337
"10","YJL212C",2.83921081666216
"10","YJL101C",3.04897679353856
"10","YJR010W",3.55558046116004
"10","YJL060W",3.73661788623261
