"chr","tracking_id","ratio"
"16","YPL095C",2.16777279558094
"16","YPL132W",2.26408129054591
"16","YPR170W-A",2.31167857742857
"16","YPL189W",2.31203338872186
"16","YPR157W",2.50120278771583
"16","YPR169W-A",2.57921124368159
"16","YPL172C",2.64333911290114
"16","YPR099C",2.72344579222979
"16","YPL171C",3.11166644918035
"16","YPR167C",4.3509086057972
"16","YPR123C",15.469462184398
"16","YPR124W",21.3837820649709
