"chr","tracking_id","ratio"
"13","YMR158W",2.1634386874074
"13","YMR024W",2.20084305443661
"13","YML025C",2.2500150183957
"13","YMR157C",2.31967100298912
"13","YML058W-A",2.47287150692659
"13","YMR315W-A",2.53858612466289
"13","YMR272W-B",2.89354912895993
"13","YML100W-A",2.96738429826698
"13","YMR082C",3.75638530295006
"13","YMR322C",3.9287480405588
"13","YMR320W",4.41883135695496
"13","YML054C-A",10.4421856768853
"13","YMR182W-A",39.7602666666667
