"chr","tracking_id","ratio"
"6","YFL016C",2.06865291712292
"6","YFR007W",2.10213537414025
"6","YFR034C",2.47279449308461
"6","YFL053W",2.59640764858037
"6","YFR053C",2.67229308714307
"6","YFL010C",2.74633007174667
"6","RUF23",6.61075330197514
