"chr","tracking_id","ratio"
"8","YHR005C-A",2.01023751842052
"8","YHR056W-A",2.03593740607319
"8","YHR179W",2.09562879534716
"8","YHR024C",2.17167782210431
"8","YHR059W",2.19723072150703
"8","YHL038C",2.220319074655
"8","YHR011W",2.24727513629749
"8","YHR086W-A",2.25079100262966
"8","YHR168W",2.25316957605593
"8","YHL036W",2.2777296657174
"8","YHL004W",2.68406830004453
"8","YHR116W",2.73677484655582
"8","YHL008C",3.38426920990179
"8","YHR183W",3.41971606007302
