"chr","tracking_id","ratio"
"13","YMR175W",0.0420112095141285
"13","YMR303C",0.068230022349851
"13","YMR107W",0.0879407895577097
