"chr","tracking_id","ratio"
"4","YDR384C",0.0355057151395562
"4","YDL240C-A",0.0650426245999879
