"chr","tracking_id","ratio"
"1","YAL005C",2.30897978240263
"1","YAL067W-A",2.46263304160535
"1","YAL004W",2.51720554211753
"1","YAL064C-A",3.12541115128195
"1","YAL039C",3.19723820261532
"1","YAL012W",4.09637205548812
"1","YAL037C-A",33.2402
