"chr","tracking_id","ratio"
"9","YIL057C",0.0441535561928116
"9","YIL134C-A",0.0750702281984797
