"chr","tracking_id","ratio"
"9","YIL111W",2.01049311838822
"9","YIL098C",2.13961656397464
"9","YIL154C",2.25763847022884
"9","YIL093C",3.25590387312647
"9","YIL070C",4.32898645976517
