"chr","tracking_id","ratio"
"3","YCR025C",2.07220272144435
"3","YCL046W",2.07560574668755
"3","YCR038W-A",2.17881805640471
"3","YCR048W",2.24332926234514
"3","YCR071C",2.31119419667532
"3","YCL026C-B",2.67914182836105
"3","YCR003W",2.77930654925702
"3","YCR046C",2.81985489464888
"3","YCR102C",3.15557715682694
"3","YCR104W",3.63503898892181
"3","YCR102W-A",4.71488474767458
