"chr","tracking_id","ratio"
"7","YGR043C",0.0333782239151923
"7","YGR236C",0.0656851140295328
