"chr","tracking_id","ratio"
"16","YPL152W-A",0.0205469600772566
"16","YPL223C",0.0222469310218607
"16","YPL276W",0.0468886259154715
"16","YPR192W",0.0629882930488153
"16","YPL275W",0.0738981140209493
"16","YPL036W",0.0905951231696027
