"chr","tracking_id","ratio"
"2","YBR117C",0.0700393252733633
"2","YBR067C",0.0704800423352406
"2","YBR116C",0.0852748655255495
