"chr","tracking_id","ratio"
"8","YHR139C",0.0608386539131228
"8","YHR096C",0.0896392239945371
