"chr","tracking_id","ratio"
"1","YAR064W",2.01337631897018
"1","YAL005C",2.01671076149649
"1","YAL064C-A",2.13261077700257
"1","YAL004W",2.13572715297304
"1","YAL045C",2.3910637196664
"1","YAL039C",2.4522491399497
"1","YAL012W",3.03051326189601
"1","YAL067W-A",3.10240329127556
"1","YAL063C-A",3.11998791182184
