"chr","tracking_id","ratio"
"16","YPL223C",0.0160344077068616
"16","YPR192W",0.0363017442526348
"16","YPL276W",0.0497051885474704
"16","YPL275W",0.0501118149441314
"16","YPL114W",0.0569867034581389
"16","YPL036W",0.0809826014387462
