"chr","tracking_id","ratio"
"4","YDR384C",0.0182917264532647
"4","YDR320W-B",0.0336145752798413
"4","YDL222C",0.0433661178093996
"4","YDL240C-A",0.0650426245999879
"4","YDL223C",0.0736239564139144
