"chr","tracking_id","ratio"
"9","YIL098C",2.45270527257323
"9","YIL093C",3.00534479814635
"9","YIL111W",4.07143097720418
"9","YIL070C",4.52872828385381
