"chr","tracking_id","ratio"
"15","YOR388C",0.0229871095984868
"15","YOR374W",0.0988761491469664
