"chr","tracking_id","ratio"
"2","YBR131C-A",0.0124774677727803
"2","YBR067C",0.0409897552520309
"2","YBR116C",0.0641767852252714
"2","YBR117C",0.0765689825615967
