"chr","tracking_id","ratio"
"10","YJR094C",0.0219006953585636
"10","YJL136W-A",0.0235556832797049
"10","YJL045W",0.0945085845371944
