"chr","tracking_id","ratio"
"5","YEL008C-A",0.00987181773728724
"5","YER121W",0.0981898714446885
