"chr","tracking_id","ratio"
"7","YGR043C",0.0344585683572017
"7","YGR236C",0.0521729243589366
