"chr","tracking_id","ratio"
"6","YFL036W",2.01116669732083
"6","YFR053C",2.58407174373534
"6","YFR052C-A",2.67007960409825
"6","YFR007W",2.69163887312768
"6","YFL053W",2.73903649310311
"6","RUF23",6.33294872117132
