"chr","tracking_id","ratio"
"3","YCL049C",2.00803394069536
"3","YCL064C",2.04064432824867
"3","YCR104W",2.05262641656116
"3","YCL047C",2.14249931800709
"3","YCR046C",2.257525770208
"3","YCR020C",2.26678134890155
"3","YCR071C",2.63351405262395
"3","YCR102C",2.68757532586204
"3","YCL026C-B",3.02784738790716
"3","YCR003W",3.66328938277966
"3","YCR102W-A",5.17845942759876
