"chr","tracking_id","ratio"
"13","YMR303C",0.0373373338126308
"13","YMR175W",0.0445230716451365
"13","YMR107W",0.0634557716352368
"13","YMR175W-A",0.0793893331222126
