"chr","tracking_id","ratio"
"7","YGL132W",2.03357785405905
"7","YGL107C",2.2075297578682
"7","YGL064C",2.23978969817583
"7","YGL068W",2.34599151962257
"7","YGR165W",2.37000639201445
"7","YGR084C",2.44513893629416
"7","YGL235W",2.46248166581519
"7","YGR204C-A",2.5159853852123
"7","YGR069W",2.6072910564771
"7","YGL260W",2.88893928514759
"7","YGL069C",2.93194620789598
"7","YGR021W",3.06249615510807
"7","YGL236C",3.4520096819342
"7","YGR109W-A",3.52866934306074
