"chr","tracking_id","ratio"
"4","YDR430C",2.03872037914692
"4","YDR322W",2.04260027619691
"4","YDR296W",2.08474083566187
"4","YDR534C",2.1044828937826
"4","YDR175C",2.14760795888198
"4","YDR375C",2.22951865423533
"4","YDR237W",2.3141092259507
"4","YDR342C",2.43148107664309
"4","YDR116C",2.47898299895391
"4","YDL202W",2.50559780591585
"4","YDR337W",2.58624066159163
"4","YDR493W",2.65565524781555
"4","YDL011C",2.714964
"4","YDR347W",2.72160321600214
"4","YDR316W",2.98126446112868
