"chr","tracking_id","ratio"
"13","YMR193W",2.1018142604538
"13","YMR166C",2.21604165642525
"13","YMR188C",2.31230537914892
"13","YMR158W",2.49878041995445
"13","YML025C",2.65694174669559
"13","YML054C-A",2.74085924756338
"13","YMR157C",3.15711801338787
"13","YMR024W",3.34522458733294
"13","YML087C",3.6812089530279
"13","YML100W-A",4.67874594250662
"13","YMR182W-A",46.0452
