"chr","tracking_id","ratio"
"14","YNL177C",2.04066800395988
"14","YNL315C",2.15934578662833
"14","YNR042W",2.17262131242222
"14","YNL137C",2.30435466873628
"14","YNL284C",2.34788239508418
"14","YNL134C",2.34793752216212
"14","YNL073W",2.51052019157844
"14","YNL184C",2.67816621505024
"14","YNL185C",2.73921856602262
