"chr","tracking_id","ratio"
"9","YIR019C",2.15454456136462
"9","YIR044C",2.15775228757871
"9","YIL093C",2.20257894698351
"9","YIL070C",3.40861796603568
