"chr","tracking_id","ratio"
"2","YBR185C",2.08231288122768
"2","YBR037C",2.32638242571448
"2","YBL107W-A",2.35068358295198
"2","YBR146W",2.36587583953998
"2","YBR121C-A",69.3508666666667
