"chr","tracking_id","ratio"
"11","YKR006C",2.07911874123565
"11","YKL053C-A",2.19621368917987
"11","YKR085C",2.39367299362502
"11","YKL194C",2.54922437895912
"11","YKL087C",2.58789667384441
