"chr","tracking_id","ratio"
"6","YFR007W",2.09203467157494
"6","YFR010W-A",2.10976465586277
