"chr","tracking_id","ratio"
"10","YJL047C-A",2.06781275805649
"10","YJL180C",2.14520803210573
"10","YJL096W",2.23654913920079
"10","YJR101W",2.94723172624539
