"chr","tracking_id","ratio"
"8","YHR116W",2.01481660108943
"8","YHR179W",2.12815032430436
"8","YHR011W",2.17020569517148
"8","YHR059W",2.45156159670619
"8","YHL004W",2.46862693340372
"8","YHL048C-A",8.82573333333333
