"chr","tracking_id","ratio"
"16","YPL215W",2.00046259699702
"16","YPL251W",2.00839990152519
"16","YPR047W",2.09607724870196
"16","YPL040C",2.09614610944513
"16","YPR166C",2.13006531022742
"16","YPL097W",2.19115630363537
"16","YPL173W",2.24115441168875
"16","YPL132W",2.42244833200851
"16","YPL104W",2.60047194476498
"16","YPL172C",3.29732118328228
"16","YPR123C",7.00637576289667
"16","YPR124W",9.52495132873717
