"chr","tracking_id","ratio"
"3","YCL026C-B",2.1364145535341
"3","YCR071C",2.16597597014815
"3","YCR003W",2.68979803627677
"3","YCR102W-A",3.8953811458194
