"chr","tracking_id","ratio"
"15","YOL033W",2.0338196832719
"15","YOR354C",2.28154287240673
"15","YOR187W",2.73016913645835
"15","YOL023W",3.7053304007716
