"chr","tracking_id","ratio"
"1","YAL045C",2.0153153047181
"1","YAL016C-B",2.07406476238365
"1","YAL067W-A",2.3215182267396
"1","YAL037C-A",28.7366666666667
