"chr","tracking_id","ratio"
"1","YAR031W",2.00107409957501
"1","YAR042W",2.06531238503078
"1","YAL028W",2.1142267795345
"1","YAL064C-A",2.27660685783317
"1","YAL005C",2.37021641836797
"1","YAR035W",2.49064653816048
"1","YAL004W",2.74041188759303
"1","YAL012W",2.96366849002144
"1","YAL039C",4.97635704855791
"1","YAL037C-A",35.4432666666667
