"chr","tracking_id","ratio"
"16","YPL152W-A",0.0205469600772566
"16","YPL223C",0.0517659075413433
"16","YPL114W",0.0814338870795904
"16","YPR192W",0.0842401261197734
