"chr","tracking_id","ratio"
"6","YFL031W",2.00597421477939
"6","YFL050C",2.0886783310006
"6","YFR045W",2.12262653229836
"6","YFR036W",2.26299971836414
"6","YFL052W",2.44677843957191
"6","YFL016C",2.50261858935735
"6","YFR034C",2.52005494038736
"6","YFL010C",2.52012272375936
"6","YFR052C-A",2.80956762564886
"6","YFR007W",3.75576744765358
"6","YFL053W",4.08225727818561
"6","YFR053C",4.59636783591331
"6","RUF23",7.57617307385121
