"chr","tracking_id","ratio"
"13","YMR303C",0.0348798798936842
"13","YMR175W-A",0.0878972076343622
