"chr","tracking_id","ratio"
"10","YJL136W-A",0.0235556832797049
"10","YJR094C",0.0245422800127865
