"chr","tracking_id","ratio"
"9","YIL157C",2.0135277413638
"9","YIL046W-A",2.02317459497519
"9","YIR021W",2.04585624681554
"9","YIL162W",2.09572483161846
"9","YIL156W-A",2.3705418710977
"9","YIR035C",2.39113454497862
"9","YIL154C",2.65367371028781
"9","YIL098C",3.43161865191469
"9","YIL111W",3.85353419372617
"9","YIL093C",5.03903588223193
"9","YIL070C",5.25200467019648
