"chr","tracking_id","ratio"
"8","YHR137W",0.0823384141173445
"8","YHR139C",0.0919963024492598
