"chr","tracking_id","ratio"
"2","YBR221W-A",0.0153896505625943
"2","YBR067C",0.0496329995172853
