"chr","tracking_id","ratio"
"1","YAL045C",2.13753582785378
"1","YAL064C-A",2.35242080363074
"1","YAL063C-A",2.68528480747007
"1","YAL016C-B",2.78349494406954
"1","YAL037C-A",51.677
