"chr","tracking_id","ratio"
"2","YBR296C-A",3.76547138790164
"2","YBR121C-A",135.120533333333
