"chr","tracking_id","ratio"
"5","YER090C-A",3.33535463658797
"5","YER088W-B",3.39256162262439
