"chr","tracking_id","ratio"
"15","YOR199W",2.04761857839283
"15","YOL155C",2.18914077982962
"15","YOR381W-A",2.55616545878116
