"chr","tracking_id","ratio"
"12","YLR124W",2.13958504342082
"12","YLR280C",2.55616595402436
