"chr","tracking_id","ratio"
"2","YBL100W-C",0.0115814822907554
"2","YBR131C-A",0.0124774677727803
"2","YBR221W-A",0.0153896505625943
