"chr","tracking_id","ratio"
"6","YFR036W",2.03502568074352
"6","YFL010C",2.09003893525509
"6","YFL031W",2.11353970991133
"6","YFL036W",2.28564036539758
"6","YFR007W",2.52909579890856
"6","YFL052W",2.53731016729722
"6","YFR053C",2.73828404650537
"6","YFL053W",4.03190669755584
"6","RUF23",6.32153847027067
"6","YFR012W-A",85.4413333333333
