"chr","tracking_id","ratio"
"9","YIL093C",2.1297155705045
"9","YIL117C",2.39968720153866
"9","YIL070C",2.70103065862544
"9","YIL162W",4.03423432982646
"9","YIL111W",4.76480350280929
