"chr","tracking_id","ratio"
"16","YPL220W",0.0280498901507586
"16","YPL276W",0.0856026244449063
