"chr","tracking_id","ratio"
"3","YCR071C",2.06284314761089
"3","YCL064C",2.1710383466363
"3","YCR061W",2.21719411893619
"3","YCR108C",2.2950810354728
"3","YCR025C",2.46377878326419
"3","YCR020C",2.54162127041535
"3","YCL047C",2.67146679452311
"3","YCR003W",3.17409234885654
"3","YCL026C-B",3.54794476253387
"3","YCR102C",4.3122395203832
"3","YCR104W",6.85189295620126
"3","YCR102W-A",9.9556544315452
