"chr","tracking_id","ratio"
"1","YAL064C-A",2.09247819702645
"1","YAL045C",2.10854222295414
"1","YAL039C",2.2672853246991
"1","YAR031W",2.57984377596809
"1","YAL064W",2.92318043602739
"1","YAL063C-A",4.09204047274162
"1","YAL067W-A",6.99661055319707
