"chr","tracking_id","ratio"
"10","YJR157W",2.08547543354663
"10","YJL096W",2.12668098338276
"10","YJL180C",2.18483399717914
"10","YJR127C",2.36162605498065
"10","YJL211C",2.37407775464795
"10","YJR112W-A",2.42560983487993
"10","YJL171C",2.60097840657354
"10","YJL016W",2.8393119215557
"10","YJR101W",3.12828954218454
"10","YJR115W",3.47194037770845
"10","YJL047C-A",3.54392794678074
"10","YJL015C",3.59612672950118
"10","YJR047C",3.60940924496659
"10","YJR005C-A",5.3998185891181
