"chr","tracking_id","ratio"
"11","YKL102C",2.02202890984651
"11","YKR005C",2.06876308049633
"11","YKL068W-A",2.0751022251329
"11","YKL177W",2.10060175338486
"11","YKL194C",2.20171114443724
"11","YKL106C-A",23.4405333333333
