"chr","tracking_id","ratio"
"2","YBR004C",2.08583916096849
"2","YBR114W",2.08914872007258
"2","YBR099C",2.13269083968133
"2","YBR105C",2.1831919251024
"2","YBR182C-A",2.31050443531856
"2","YBR068C",2.31428460066845
"2","YBR284W",2.45138513728016
"2","YBR103C-A",3.44315571107833
"2","YBR056C-B",4.58065993007061
