"chr","tracking_id","ratio"
"5","YEL040W",2.35785935679392
"5","YER103W",2.66901356897683
"5","YER090C-A",2.67961529018452
"5","YEL070W",2.68135655173105
"5","YEL039C",2.69635025744979
"5","YER130C",2.80489107548197
"5","YER088W-B",2.83924480292616
