"chr","tracking_id","ratio"
"8","YHL008C",2.0022091807045
"8","YHL021C",2.05787777636609
"8","YHR179W",2.07324024144474
"8","YHR028W-A",2.08516291698992
"8","YHR168W",2.23454784141551
"8","YHR183W",2.69259106603998
"8","YHR073C-B",2.74683313587898
"8","YHR139C",3.24913559213624
"8","YHL036W",3.93271382901735
"8","YHL048C-A",9.14106666666667
