"chr","tracking_id","ratio"
"10","YJL213W",2.05290649636044
"10","YJL016W",2.08625248073043
"10","YJL165C",2.17098183239003
"10","YJL015C",2.35105390876719
"10","YJL060W",2.67690868461416
"10","YJL047C-A",3.1323877887027
"10","YJL171C",3.32136955275462
"10","YJR005C-A",4.43923422618639
