"chr","tracking_id","ratio"
"1","YAL004W",2.61180269668676
"1","YAL005C",2.64454190895243
"1","YAL063C-A",2.80773222662583
"1","YAL012W",4.22224666378141
