"chr","tracking_id","ratio"
"14","YNR020C",2.02074666344125
"14","YNL185C",2.040714443287
"14","YNL277W",2.04535100536754
"14","YNR071C",2.09844196218776
"14","YNL276C",2.12221952892006
"14","YNR042W",2.28136023320362
"14","YNL007C",2.47794341172147
"14","YNL073W",2.51578652093961
"14","YNL065W",2.54285356782872
"14","YNR073C",3.38174916138689
"14","YNL146C-A",3.67896979805662
"14","YNR014W",4.59661296933901
