"chr","tracking_id","ratio"
"15","YOL164W-A",0.00399305740419324
"15","YOL164W",0.0285609290298995
"15","YOL163W",0.0316457031464268
"15","YOL162W",0.0432522210015484
"15","YOR388C",0.0737432014908963
