"chr","tracking_id","ratio"
"3","YCR038W-A",2.0425073288498
"3","YCR061W",2.08338531444715
"3","YCR050C",2.24678051865908
"3","YCR048W",2.30593367643535
"3","YCR102C",2.42322033811133
"3","YCR102W-A",3.70272745975536
