"chr","tracking_id","ratio"
"6","YFR052C-A",2.06686214567853
"6","RUF23",2.36821816996506
"6","YFR053C",2.37761995343178
"6","YFR055W",2.49425692757341
