"chr","tracking_id","ratio"
"16","YPL189W",2.01158935428835
"16","YPL058C",2.04758519984977
"16","YPR099C",2.19735307216161
"16","YPR158W",2.31917884119541
"16","YPL245W",2.32681688053907
"16","YPL171C",2.62190107893925
"16","YPL172C",2.75565840421727
"16","YPL240C",3.15411191550389
"16","YPR157W",3.37020051439106
"16","YPR123C",7.00845947974341
"16","YPR124W",9.41384056400992
