"chr","tracking_id","ratio"
"16","YPL276W",2.04844607294272
"16","YPL171C",2.10510733812632
"16","YPR007C",2.159055204562
"16","YPR002C-A",2.33800636265065
"16","YPR078C",2.34844621666699
"16","YPL277C",2.34882599996055
"16","YPL170W",2.61994234827969
"16","YPR167C",2.75525184758953
"16","YPR123C",2.90410441949051
"16","YPL278C",3.22355860894726
"16","YPR124W",5.44128819466635
"16","YPL223C",7.6724770368903
"16","YPR108W-A",8.41903946585365
