"chr","tracking_id","ratio"
"2","YBR183W",2.12651650678608
"2","YBR200W-A",2.38747931862866
"2","YBR296C-A",2.5273319034382
"2","YBR117C",2.5465355663013
"2","YBL075C",3.12888096541144
"2","YBR116C",3.56026691388359
"2","YBR105C",4.01651713152591
"2","YBR121C-A",62.1744
