"chr","tracking_id","ratio"
"10","YJL016W",2.06572118627419
"10","YJR055W",2.1653545466687
"10","YJL161W",2.384280700857
"10","YJL212C",2.5267044153465
"10","YJL015C",2.58921782648207
"10","YJL045W",2.77599979869291
"10","YJR115W",3.03314840995533
"10","YJR155W",3.11922120514094
"10","YJL116C",3.17744558474979
"10","YJR047C",3.56642475824101
"10","YJR005C-A",5.37707900993637
