"chr","tracking_id","ratio"
"11","YKL062W",2.20920755026436
"11","YKR076W",2.32337415880118
"11","YKL050C",2.3243532843752
"11","YKL216W",2.40951001088984
"11","YKR091W",2.58296807337619
"11","YKL107W",2.88855162629047
"11","YKL065W-A",2.91659628095884
"11","YKR073C",3.01471854054671
"11","YKL163W",3.19991106177869
"11","YKL068W-A",3.45351903887688
"11","YKR075C",5.16546906778165
"11","YKR075W-A",5.34996917652233
"11","YKL106C-A",31.3474666666667
