"chr","tracking_id","ratio"
"13","YML007C-A",2.34707003727973
"13","YMR271C",2.39745885210216
"13","YML058W-A",2.40760114931588
"13","YMR247W-A",2.44726592042705
"13","YMR174C",2.73334757012409
"13","YMR170C",2.74878843158324
"13","YMR169C",3.6892063732319
"13","YMR101C",4.0844113164106
"13","YMR175W",4.61935364728711
"13","YML054C-A",7.6716585300725
"13","YMR322C",8.58598918791139
"13","YMR118C",11.4963449497707
"13","YMR182W-A",52.3636666666667
