"chr","tracking_id","ratio"
"14","YNL134C",2.03261571370985
"14","YNL042W",2.04436309174245
"14","YNR034W-A",2.08232943707908
"14","YNL196C",2.17037538181234
"14","YNL276C",2.20380840056852
"14","YNR071C",2.50510429093012
"14","YNL146C-A",2.63356671765148
"14","YNR014W",3.10814054991715
"14","YNL234W",3.477825241657
