"chr","tracking_id","ratio"
"5","YEL059W",2.01482834123926
"5","YER150W",2.15977577651664
"5","YER028C",2.35396413297929
"5","YER137C",2.37304981998338
"5","YER179W",2.38208922277303
"5","YER088W-B",2.51204267134671
"5","YER062C",2.53431002271662
"5","YER137W-A",2.83371520792514
"5","YEL039C",2.85844078744698
"5","YER090C-A",2.87895330669325
"5","YER078W-A",2.99831211713689
