"chr","tracking_id","ratio"
"9","YIL113W",2.03621491669073
"9","YIL111W",2.34909291324117
"9","YIL117C",5.68253527291791
