"chr","tracking_id","ratio"
"6","YFR052C-A",2.03748051515656
"6","YFL014W",2.27727495238009
"6","YFR036W",2.33365974682419
"6","YFR053C",3.28738248693154
