"chr","tracking_id","ratio"
"8","YHR073C-B",2.00129611065545
"8","YHR180W-A",2.0918713811032
"8","YHR138C",2.09265153698668
"8","YHR022C",2.86087195185811
"8","YHR087W",2.86246155859452
"8","YHR139C-A",2.9681237616217
"8","YHR094C",6.29476489354652
"8","YHR092C",9.04492887812249
"8","YHR139C",11.7116523086778
"8","YHL048C-A",21.2962
