"chr","tracking_id","ratio"
"8","YHR179W",2.01636949731595
"8","YHR183W",2.31792874451617
"8","YHL048C-A",10.6706
