"chr","tracking_id","ratio"
"12","YLR154W-F",0.00416753061891692
"12","YLR154W-E",0.00421059250334882
"12","YLR406C-A",0.0568440846340207
