"chr","tracking_id","ratio"
"5","SCR1",2.19569014516551
"5","YER130C",2.20466613941927
"5","YEL008C-A",2.29953398439068
"5","YEL020C-B",2.62926518016659
"5","YER088W-B",3.11109856851064
"5","YER090C-A",3.94482563055249
