"chr","tracking_id","ratio"
"15","YOR385W",2.09002982682152
"15","YOL136C",2.17989426867898
"15","YOR381W-A",2.32750679774967
"15","YOL014W",3.06202703914375
