"chr","tracking_id","ratio"
"13","YMR272W-B",0.0196003616920078
"13","YMR175W",0.0649937141865011
