"chr","tracking_id","ratio"
"14","YNR042W",2.09426980616389
"14","YNL184C",2.22613267102031
"14","YNL097C-B",2.28025215733732
"14","YNL146C-A",3.12302703571411
