"chr","tracking_id","ratio"
"16","YPL152W-A",0.0205469600772566
"16","YPL223C",0.0642380589409135
