"chr","tracking_id","ratio"
"1","YAR030C",2.13375489057943
"1","YAR031W",2.27071297989031
"1","YAL067W-A",2.82916458176194
"1","YAL045C",3.22236991205267
"1","YAL063C-A",4.02150384946577
"1","YAL064C-A",4.44823457434961
