"chr","tracking_id","ratio"
"16","YPL172C",2.21364865670404
"16","YPR170C",2.2506647012423
"16","YPR099C",3.3400776938156
