"chr","tracking_id","ratio"
"4","YDR509W",2.02993395639233
"4","YDR417C",2.41717318858474
