"chr","tracking_id","ratio"
"7","YGR142W",2.02123366743559
"7","YGR109C",2.42969439206586
"7","YGR204C-A",3.04615636248707
"7","YGL253W",3.65543019094684
