"chr","tracking_id","ratio"
"10","YJR005C-A",2.07472754009593
"10","YJL171C",2.86217442188004
