"chr","tracking_id","ratio"
"11","YKL194C",2.04502575941792
"11","YKL216W",4.54139163364487
