"chr","tracking_id","ratio"
"13","YMR024W",2.26915227341737
"13","YML100W-A",3.16094268060506
"13","YMR011W",4.71396151565632
"13","YML054C-A",5.29643054096258
"13","YMR182W-A",107.164666666667
