"chr","tracking_id","ratio"
"2","YBR141W-A",2.07919908977936
"2","YBR056W-A",2.30051689900762
"2","YBR182C",2.3133126361151
"2","YBR004C",2.3550799741668
"2","YBR182C-A",2.39107443875618
"2","LSR1",3.21389158708465
"2","YBR296C-A",4.27425337019056
"2","YBR056C-B",5.201666118137
"2","YBR121C-A",237.156266666667
