"chr","tracking_id","ratio"
"4","YDR320W-B",0.0336145752798413
"4","YDL240C-A",0.0650426245999879
