"chr","tracking_id","ratio"
"16","YPL256C",2.24638550209681
"16","YPL163C",2.51901706358089
