"chr","tracking_id","ratio"
"2","YBL107W-A",2.49633864909884
"2","YBR296C-A",3.65581340126626
"2","YBR121C-A",93.3730333333333
