"chr","tracking_id","ratio"
"10","YJL047C-A",2.47280565429021
"10","YJL136W-A",3.85232785114065
