"chr","tracking_id","ratio"
"4","YDR524C-A",2.09366436952235
"4","YDR309C",2.20456621849314
"4","YDR510C-A",2.21714828057134
