"chr","tracking_id","ratio"
"15","YOL106W",2.09676000661464
"15","YOR381W-A",2.18257589119706
