"chr","tracking_id","ratio"
"11","YKL163W",2.15101760836922
"11","YKR034W",2.31525332195829
"11","YKL153W",2.61929123636724
"11","YKL106C-A",23.5408666666667
