"chr","tracking_id","ratio"
"6","YFL057C",0.0181335718905458
"6","YFL056C",0.0373769566726171
