"chr","tracking_id","ratio"
"12","YLR120W-A",2.43084402099905
"12","YLR437C-A",4.01115508281195
