"chr","tracking_id","ratio"
"7","YGL132W",2.19975307244618
"7","YGR204C-A",2.40022062377252
