"chr","tracking_id","ratio"
"5","YEL060C",2.00016660469785
"5","YER033C",2.01839567861833
"5","YER072W",2.11318519621453
"5","YER070W",2.12053893361429
"5","YEL063C",2.14908907452808
"5","YEL011W",2.20919565036939
"5","YER150W",2.22073695811308
"5","YER138W-A",2.28285820242669
"5","YER003C",2.37635189422177
"5","YER084W",2.43369863599186
"5","YER158C",2.48432991005407
"5","YER001W",2.62029406156649
"5","YER090C-A",4.57943541555605
"5","YER088W-B",5.51802123201941
