"chr","tracking_id","ratio"
"13","YMR305C",2.07897043477075
"13","YMR304C-A",2.77821724005746
"13","YML100W-A",4.94872852780305
"13","YMR182W-A",67.8806666666667
