"chr","tracking_id","ratio"
"10","YJL052C-A",0.0164482701902517
"10","YJL189W",0.0318394273997376
