"chr","tracking_id","ratio"
"1","YAR064W",2.04111286962054
"1","YAR031W",2.13473919133883
"1","YAL038W",2.15391063131672
"1","YAR068W",4.98266799003182
