"chr","tracking_id","ratio"
"8","YHR073C-B",2.25053413935215
"8","YHL015W-A",2.30253426315683
"8","YHR210C",2.42286315279831
