"chr","tracking_id","ratio"
"9","YIL140W",2.02826819106153
"9","YIR044C",2.17452749823323
"9","YIL123W",2.23416523110359
"9","YIL134C-A",2.3434437916671
"9","YIR019C",5.79942662370543
