"chr","tracking_id","ratio"
"4","YDR347W",2.02908020264671
"4","YDR281C",2.15834399609464
"4","YDL247W-A",81.3513333333333
