"chr","tracking_id","ratio"
"12","YLR069C",2.10247524147787
"12","YLR406C-A",2.13845551590365
"12","YLR411W",2.97285977282305
