"chr","tracking_id","ratio"
"8","YHR049C-A",2.35862853747372
"8","YHR136C",4.3137461021351
