"chr","tracking_id","ratio"
"10","YJL047C-A",2.15799725081681
"10","YJL052W",2.17904305384725
"10","YJR005C-A",3.44877204073499
