"chr","tracking_id","ratio"
"13","YML087C",2.18472070032381
"13","YMR024W",2.33234751365686
"13","YMR058W",2.51007309318835
"13","YMR272W-B",2.85932036399178
"13","YML054C-A",7.90900172406787
"13","YML123C",8.17876224552405
"13","YMR182W-A",53.7900666666667
