"chr","tracking_id","ratio"
"4","YDR371C-A",0.00730277753840896
"4","YDR524C-A",0.0323642750186634
"4","YDR320W-B",0.0336145752798413
