"chr","tracking_id","ratio"
"5","YER078W-A",2.01281639066506
"5","YER072W",2.117836012735
"5","YER090C-A",2.86426414615224
