"chr","tracking_id","ratio"
"16","YPR123C",2.55892677608009
"16","YPR194C",2.69086831219145
"16","YPR124W",3.17776662421732
