"chr","tracking_id","ratio"
"15","YOL037C",2.02403323552314
"15","YOR187W",2.03010282321114
