"chr","tracking_id","ratio"
"16","YPR123C",2.12721576346309
"16","YPL019C",2.17638624861012
"16","YPR124W",2.45755663246299
