"chr","tracking_id","ratio"
"10","YJL052W",2.00845062007853
"10","YJL047C-A",2.13069134776655
"10","YJL012C",2.19895890089632
"10","YJR009C",2.36933288838756
