"chr","tracking_id","ratio"
"14","YNL103W-A",2.20446260955943
"14","YNL097C-B",2.28208322457664
