"chr","tracking_id","ratio"
"4","YDR281C",3.14977254477288
"4","YDL247W-A",94.5846666666667
