"chr","tracking_id","ratio"
"8","YHR174W",2.12516058873226
"8","YHR049C-A",2.16378835668283
"8","YHR136C",7.33698374979966
