"chr","tracking_id","ratio"
"5","YER078W-A",2.05380703279866
"5","YER072W",2.71512216057141
"5","YER090C-A",4.83184866339653
