"chr","tracking_id","ratio"
"13","YMR058W",2.70697327136536
"13","YML123C",12.3873280174081
"13","YMR182W-A",89.8588666666667
