"chr","tracking_id","ratio"
"12","YLL046C",2.18929270376732
"12","YLR342W-A",2.27675126995114
"12","YLR124W",2.43081386606718
"12","YLR411W",2.60405704807979
