"chr","tracking_id","ratio"
"11","YKL102C",3.95922322237651
"11","YKL106C-A",57.2413333333333
