"chr","tracking_id","ratio"
"6","YFL059W",2.11728484576188
"6","YFR012W-A",100.486066666667
