"chr","tracking_id","ratio"
"1","YAL038W",2.02015253111738
"1","YAL064W",2.09148353443284
"1","YAR064W",2.23185478572182
"1","YAL037C-A",26.6446666666667
