"chr","tracking_id","ratio"
"2","YBR296C",3.49817683676937
"2","YBR103C-A",4.03385174902155
"2","YBR296C-A",5.51144561365472
"2","YBR121C-A",21.46632
