"chr","tracking_id","ratio"
"16","YPR099C",2.28822914567884
"16","YPL223C",2.46727484571792
"16","YPR123C",6.13951698551381
"16","YPR124W",9.75704272004165
