"chr","tracking_id","ratio"
"7","YGR174W-A",0.00822894114219407
"7","YGR122C-A",0.00880364353460419
