"chr","tracking_id","ratio"
"15","YOR391C",2.36627648937986
"15","YOL152W",5.20372029345675
