"chr","tracking_id","ratio"
"1","YAL038W",2.02313762090855
"1","YAL037C-B",2.10193955542865
"1","YAL064C-A",2.48006777491492
"1","YAL063C-A",2.58702992693894
