"chr","tracking_id","ratio"
"12","YLR044C",2.04208629213871
"12","YLR406C-A",2.21834798205394
"12","YLR346C",2.45352723718875
"12","YLR046C",2.87389747382909
"12","YLL056C",3.04133454207658
"12","YLR214W",3.16742901150559
"12","YLR213C",3.61410279906125
"12","YLR342W-A",4.10366814649137
"12","YLR411W",16.8652809645039
