"chr","tracking_id","ratio"
"10","YJL119C",2.29040657053913
"10","YJL116C",2.53784196360423
"10","YJR005C-A",2.81654412269972
