"chr","tracking_id","ratio"
"7","YGR069W",2.02263854445454
"7","YGR256W",2.02653991214749
"7","YGR225W",2.04893252197078
"7","YGL007C-A",2.05924796037975
"7","YGR139W",2.34552106616639
"7","YGR109W-A",2.56598839776378
"7","YGR087C",3.06827258043542
