"chr","tracking_id","ratio"
"5","YER088W-B",2.54699002437288
"5","YER090C-A",3.62823466930264
