"chr","tracking_id","ratio"
"4","YDR014W-A",2.12808149576837
"4","YDL218W",3.16068898115551
