"chr","tracking_id","ratio"
"13","YML100W-A",2.09813210320242
"13","YMR322C",2.20131076512865
"13","YMR118C",2.62238076635594
"13","YML007C-A",2.72551379262171
"13","YML054C-A",5.51188213645097
"13","YMR182W-A",161.276733333333
