"chr","tracking_id","ratio"
"9","YIL162W",2.08020247332454
"9","YIR019C",3.02176235114512
