"chr","tracking_id","ratio"
"5","YER090C-A",2.81854851468255
"5","YER079C-A",2.83172306777783
