"chr","tracking_id","ratio"
"1","YAR064W",2.23704653390541
"1","YAL064W",2.38695432153926
"1","YAR068W",3.45577901563432
