"chr","tracking_id","ratio"
"16","YPR169W-A",2.31320360639701
"16","YPR099C",2.58551394830686
"16","YPR123C",2.63881604100879
"16","YPR145C-A",2.66601768989786
"16","YPL171C",2.98136107768266
"16","YPL223C",3.15215808733038
"16","YPR124W",4.45949101315722
