"chr","tracking_id","ratio"
"15","YOL052C-A",2.02927231288918
"15","YOR186W",2.23292569915605
"15","YOR032W-A",2.25862601596116
"15","YOR338W",2.31241386308497
"15","YOR382W",2.56159291163782
"15","YOR391C",3.11615333967371
