"chr","tracking_id","ratio"
"2","YBR117C",2.19156677437572
"2","YBR116C",2.2277008574709
"2","YBR056C-B",2.43445749329545
"2","YBR200W-A",2.5498024678871
"2","YBR296C-A",2.9344777656469
"2","YBR072W",3.06068941123566
