"chr","tracking_id","ratio"
"11","YKL102C",2.57606408770592
"11","YKL106C-A",64.4441333333333
