"chr","tracking_id","ratio"
"4","YDR015C",2.15868469438359
"4","YDR417C",2.16011408920072
"4","YDL223C",2.46017370111429
"4","YDL210W",2.51190324382949
"4","YDR343C",2.73284416735152
"4","YDR034W-B",2.85273475702732
"4","YDR218C",2.86798772673048
"4","YDL244W",3.19370282746331
