"chr","tracking_id","ratio"
"7","YGR176W",2.07755099298093
"7","YGR014W",2.12990447503302
"7","YGR144W",2.36309918379392
"7","YGR294W",2.65257441116256
"7","YGR226C",2.65434395616002
"7","YGR201C",2.67410537335455
"7","YGR087C",2.90498890113224
"7","YGR256W",3.05151475314714
