"chr","tracking_id","ratio"
"12","YLR040C",2.00794980978927
"12","YLL056C",2.0569435584058
"12","YLR414C",2.07348269346567
"12","YLR044C",2.33565795490824
"12","YLR307W",2.43452653836438
"12","YLL053C",2.48836090259975
"12","YLL052C",2.50370589924154
"12","YLR042C",2.61357618689466
"12","YLR346C",2.77391221211864
"12","YLR334C",2.80169644787988
"12","YLR004C",3.06937904692465
"12","YLR437C-A",7.70598935370526
"12","YLR411W",8.86018192885995
