"chr","tracking_id","ratio"
"13","YMR175W-A",2.01939379011661
"13","YMR294W-A",2.02874164090753
"13","YML007C-A",2.09357554343821
"13","YMR305C",2.21336752490756
"13","YMR095C",2.22606254027405
"13","YMR169C",2.23528318052414
"13","YML054C-A",2.37763471819907
"13","YMR122W-A",2.42421389867851
"13","YMR304C-A",2.42757219780102
"13","YMR175W",2.63565705150933
"13","YMR118C",3.04759549582806
"13","YMR322C",3.14972984263344
"13","YMR096W",3.51075120134068
"13","YMR182W-A",50.1408
