"chr","tracking_id","ratio"
"16","YPR182W",2.06405210824868
"16","YPL171C",2.08465395856161
"16","YPR002C-A",2.12187654250334
"16","YPR170C",2.21995679130444
"16","YPR169W-A",2.2906160834219
"16","YPL238C",2.76292788223924
"16","YPR145C-A",3.03658384317643
