"chr","tracking_id","ratio"
"14","YNR042W",2.00436423059024
"14","YNL184C",2.01579401787933
"14","YNR037C",2.38869903118655
"14","YNL111C",2.39130247244836
"14","YNR014W",2.45615504243575
"14","YNL146C-A",2.95447582834506
"14","YNR073C",3.64207961738181
