"chr","tracking_id","ratio"
"16","YPL276W",0.073331254874879
"16","YPL275W",0.0853935660772335
