"chr","tracking_id","ratio"
"15","YOR079C",2.06662154747509
"15","YOL047C",2.15928744068124
"15","YOR338W",2.17551174782986
"15","YOR192C-C",2.18232791442747
"15","YOR318C",2.39439871800026
"15","YOL160W",2.51511660273685
"15","YOL014W",2.59819468822199
"15","YOR381W-A",5.0216280970907
