"chr","tracking_id","ratio"
"9","YIR019C",2.10046807256384
"9","YIL117C",2.7226729343418
