"chr","tracking_id","ratio"
"1","YAL063C-A",2.0835528563479
"1","YAL045C",2.12343916028529
"1","YAR064W",2.13226602317104
"1","YAL064W",2.21573060336344
"1","YAL064C-A",2.25484522231268
"1","YAL037C-A",102.684533333333
