"chr","tracking_id","ratio"
"13","YML100W-A",2.05177021870283
"13","YMR202W",2.13516790965609
"13","YMR322C",2.16539928856098
"13","YMR122W-A",2.19785974268979
"13","YMR315W-A",2.29970367215986
"13","YMR011W",2.60732310754722
"13","YML054C-A",11.7847179088276
