"chr","tracking_id","ratio"
"7","YGR144W",2.09073801807545
"7","YGR213C",2.09954031117397
"7","YGR286C",2.13528759926733
"7","YGL165C",2.29222830411613
"7","YGR139W",2.41992378166988
"7","YGR204C-A",2.44440809740896
"7","YGR294W",2.65708800372979
"7","YGL253W",3.58985443554535
"7","YGL166W",3.59894961914898
