"chr","tracking_id","ratio"
"3","YCL047C",2.08700851733364
"3","YCR060W",2.11734969792799
