"chr","tracking_id","ratio"
"11","YKL001C",2.01959508502087
"11","YKL056C",2.17236204086648
"11","YKL037W",2.19043676900112
"11","YKL102C",2.27654798358818
"11","YKL177W",2.71628987913057
"11","YKL216W",4.04531545295386
"11","YKL106C-A",21.8061333333333
