"chr","tracking_id","ratio"
"10","YJL037W",2.03953874906918
"10","YJL062W-A",2.06514620392231
"10","YJL171C",2.30739330375006
"10","YJL218W",2.31116668592365
"10","YJR112W-A",2.37262617164556
"10","YJL047C-A",2.39986382310853
"10","YJR005C-A",2.6500721520553
"10","YJR047C",2.68160089943777
"10","YJL189W",2.70414167271616
