"chr","tracking_id","ratio"
"4","YDR209C",2.01810292655583
"4","YDL011C",2.10622866666667
"4","YDR045C",2.18335378579361
"4","YDR417C",2.24463026354243
"4","YDL240C-A",2.28803042260361
"4","YDL244W",2.35988395784045
"4","YDR482C",2.59195882825144
"4","YDR210W",2.6136008976688
"4","YDR114C",2.65350334721074
"4","YDL037C",3.07197320144819
"4","YDL247W-A",48.7491333333333
