"chr","tracking_id","ratio"
"8","YHR116W",2.02209940672899
"8","YHR183W",2.11852918727727
