"chr","tracking_id","ratio"
"5","YEL017C-A",2.04468453653456
"5","YER090C-A",2.1353934071603
"5","YEL070W",2.47192953741512
"5","YER088W-B",2.69091281496422
