"chr","tracking_id","ratio"
"2","YBR268W",2.09910797895965
"2","YBR301W",2.19632577667742
"2","YBR230W-A",2.29453556287966
"2","YBR296C-A",2.5994435281759
"2","YBR162W-A",2.73379915721995
"2","YBR056W-A",2.85121141144307
"2","YBR056C-B",6.21190705843633
"2","YBR121C-A",25.9916
