"","chr","GENEID","baseMean","log2FoldChange","lfcSE","stat","pvalue","padj","Sample"
"YAL025C","chrI","YAL025C",499.609729134696,-1.85549097746706,0.464877018354815,-3.99135879857772,6.56957991615726e-05,0.0182642661460421,"11"
"YAL037W","chrI","YAL037W",86.1535164655857,-3.00188760007658,0.794968896342508,-3.77610698215699,0.000159298592734264,0.0287097173421398,"11"
"YAL044C","chrI","YAL044C",2458.3595561186,-2.67985487484931,0.513681591081484,-5.21695719951197,1.81886266769354e-07,0.000338732857480126,"11"
"YAL053W","chrI","YAL053W",1683.45049675591,-2.0087208362925,0.379523922271206,-5.29273839781062,1.20498233308429e-07,0.000336611814747096,"11"
"YAR027W","chrI","YAR027W",242.112267091359,-8.2233449314456,2.41987848069158,-3.39824705953642,0.000678191442061562,0.0763680472546379,"11"
