"","Sample","Chromosome","percentNotDE"
"1","4","chrV",35.4716981132075
"2","7","chrI",23.4567901234568
"3","8","chrXVI",68.609865470852
"4","11","chrI",6.17283950617284
"5","11","chrXV",2.97029702970297
"6","18","chrI",38.2716049382716
"7","18","chrXII",41.9354838709677
"8","59","chrVII",31.4115308151093
"9","61","chrVII",33.0019880715706
"10","76","chrIX",29.1457286432161
"11","76","chrXIV",24.4736842105263
"12","77","chrXII",51.3978494623656
